{
   "predictions": [
     {
       "key": "123456",
       "detection_multiclass_scores": [
         [0.00075545907, 0.98801291, 7.99894333e-5],
         [0.00076803565, 0.00976494, 0.00378489494],
         [0.00113084912, 0.195837975, 0.00878959894],
         [0.00150957704, 0.00190383196, 0.00763633847],
         [0.000708431, 0.00711375475, 5.85913658e-5],
         [0.000456035137, 0.00633040071, 1.70469284e-5],
         [0.000778466463, 0.0062609911, 0.00133574009],
         [0.00270137191, 0.00413578749, 0.00557649136],
         [0.00147494674, 0.0012883544, 0.00546419621],
         [0.00286048651, 0.0038575232, 0.00516930223],
         [0.00139024854, 0.00215947628, 0.00515207648],
         [0.00286307931, 0.00507682562, 0.00158381462],
         [0.00224336982, 0.00149515271, 0.00491553545],
         [0.00163161755, 0.0718873739, 0.00472089648],
         [0.00289621949, 0.0040115416, 0.00461643934],
         [0.00147128105, 0.003359586, 0.00461378694],
         [0.000883013, 0.00453794, 0.0017021],
         [0.00239351392, 0.00137293339, 0.00447103381],
         [0.00153106451, 0.000838458538, 0.00444811583],
         [0.00103849173, 0.00440967083, 5.21838665e-5],
         [0.00360059738, 0.00362238288, 0.00436544418],
         [0.00106266141, 0.00339984894, 0.00428497791],
         [0.000351786613, 0.000252127647, 0.00427082181],
         [0.00341239572, 0.00425359607, 0.00240531564],
         [0.00031965971, 0.000843673944, 0.00421151519],
         [0.000997245312, 0.00414639711, 0.00146251917],
         [0.00270137191, 0.00413578749, 0.00557649136],
         [0.00121062994, 0.00411021709, 0.00221249461],
         [0.000829488039, 0.0040461123, 0.00407534838],
         [0.00107312202, 0.00406637788, 0.000100076199],
         [0.000829488039, 0.0040461123, 0.00407534838],
         [0.00113332272, 0.0040397644, 0.0023547411],
         [0.00168922544, 0.00377070904, 0.00403043628],
         [0.00145193934, 0.0040127635, 0.00399360061],
         [0.00289621949, 0.0040115416, 0.00461643934],
         [0.00116512179, 0.0031324327, 0.00399363041],
         [0.00145193934, 0.0040127635, 0.00399360061],
         [0.000674068928, 0.00395134091, 0.00313490629],
         [0.00142884254, 0.00394558907, 0.00393986702],
         [0.000492334366, 0.00394439697, 1.75833702e-6]
       ],
       "detection_classes": [
         1.0,
         1.0,
         2.0,
         2.0,
         1.0,
         1.0,
         1.0,
         2.0,
         2.0,
         2.0,
         2.0,
         1.0,
         2.0,
         2.0,
         2.0,
         2.0,
         1.0,
         2.0,
         2.0,
         1.0,
         2.0,
         2.0,
         2.0,
         1.0,
         2.0,
         1.0,
         1.0,
         1.0,
         2.0,
         1.0,
         1.0,
         1.0,
         2.0,
         1.0,
         1.0,
         2.0,
         2.0,
         1.0,
         1.0,
         1.0
       ],
       "num_detections": 40.0,
       "image_info": [320, 320, 1, 0, 320, 320],
       "detection_boxes": [
         [0.459112346, 0.357549071, 0.565865338, 0.506808281],
         [0.442215979, 0.106302485, 0.643360794, 0.17392759],
         [0.461377114, 0.370610774, 0.562356591, 0.502449],
         [0.106578767, 0.0184168555, 0.222749025, 0.0434916914],
         [0.732361913, 0.683761299, 0.936243176, 0.869347155],
         [0.386113614, 0.35849607, 0.507711351, 0.495711625],
         [0.2623564, 0.0200181939, 0.36682868, 0.0368572772],
         [0.0, 0.00686752237, 0.0908900201, 0.0561219603],
         [0.00431033969, 0.0, 0.147077665, 0.0755383223],
         [0.0, 0.0, 0.104356088, 0.0763262287],
         [0.016060289, 0.0152989663, 0.131396249, 0.0539782085],
         [0.898710966, 0.00685479492, 1.0, 0.0561105385],
         [0.0, 0.941203296, 0.0860585272, 0.99372822],
         [0.45015204, 0.346997768, 0.584821343, 0.528058946],
         [0.0189947877, 0.0, 0.0503598377, 0.0959391445],
         [0.954237282, 0.583488464, 0.976049721, 0.763652802],
         [0.959148526, 0.398808, 0.976595521, 0.570607066],
         [0.0, 0.920350909, 0.0992576703, 1.0],
         [0.0561765432, 0.017519109, 0.179790199, 0.0482665673],
         [0.779138, 0.638126433, 0.964339077, 0.824553549],
         [0.947086632, 0.895210743, 0.979536355, 1.0],
         [0.0222496055, 0.0979951322, 0.0371165052, 0.245616704],
         [0.512496889, 0.205762893, 0.620786607, 0.236276],
         [0.903103173, 0.942347527, 1.0, 0.997278],
         [0.469139844, 0.209213644, 0.575521111, 0.23685661],
         [0.957533, 0.441305637, 0.977030754, 0.618080258],
         [0.0, 0.00686752237, 0.0908900201, 0.0561219603],
         [0.956341565, 0.486877382, 0.977131069, 0.668737829],
         [0.943450928, 0.21580638, 0.973827958, 0.496536911],
         [0.786177576, 0.582198262, 0.964279354, 0.77000165],
         [0.943450928, 0.21580638, 0.973827958, 0.496536911],
         [0.955817, 0.0983636156, 0.976007223, 0.252349108],
         [0.951887131, 0.790608346, 0.97586441, 0.956402],
         [0.0219152141, 0.0499191359, 0.0434843749, 0.194796205],
         [0.0189947877, 0.0, 0.0503598377, 0.0959391445],
         [0.155806333, 0.0182251371, 0.26912, 0.0384013504],
         [0.0219152141, 0.0499191359, 0.0434843749, 0.194796205],
         [0.944307387, 0.324637473, 0.975691736, 0.601531088],
         [0.954276145, 0.534245133, 0.97662, 0.71653378],
         [0.0348470658, 0.718191862, 0.214756966, 0.931285858]
       ],
       "detection_scores": [
         0.98801291,
         0.00976494,
         0.00878959894,
         0.00763633847,
         0.00711375475,
         0.00633040071,
         0.0062609911,
         0.00557649136,
         0.00546419621,
         0.00516930223,
         0.00515207648,
         0.00507682562,
         0.00491553545,
         0.00472089648,
         0.00461643934,
         0.00461378694,
         0.00453794,
         0.00447103381,
         0.00444811583,
         0.00440967083,
         0.00436544418,
         0.00428497791,
         0.00427082181,
         0.00425359607,
         0.00421151519,
         0.00414639711,
         0.00413578749,
         0.00411021709,
         0.00407534838,
         0.00406637788,
         0.0040461123,
         0.0040397644,
         0.00403043628,
         0.0040127635,
         0.0040115416,
         0.00399363041,
         0.00399360061,
         0.00395134091,
         0.00394558907,
         0.00394439697
       ],
       "detection_classes_as_text": [
         "nylon",
         "nylon",
         "mitegen",
         "mitegen",
         "nylon",
         "nylon",
         "nylon",
         "mitegen",
         "mitegen",
         "mitegen",
         "mitegen",
         "nylon",
         "mitegen",
         "mitegen",
         "mitegen",
         "mitegen",
         "nylon",
         "mitegen",
         "mitegen",
         "nylon",
         "mitegen",
         "mitegen",
         "mitegen",
         "nylon",
         "mitegen",
         "nylon",
         "nylon",
         "nylon",
         "mitegen",
         "nylon",
         "nylon",
         "nylon",
         "mitegen",
         "nylon",
         "nylon",
         "mitegen",
         "mitegen",
         "nylon",
         "nylon",
         "nylon"
       ]
     }
   ]
 }